title,url,thumbnail_url,channel,views,uploaded,description
Tere Bin 2nd Last Ep - [Eng Sub] - Digitally Presented by Nisa BB Cream - Yumna Zaidi - Wahaj Ali,https://www.youtube.com/watch?v=5L72m71en8k,https://i.ytimg.com/vi/5L72m71en8k/hqdefault.jpg?sqp=-oaymwEcCPYBEIoBSFXyq4qpAw4IARUAAIhCGAFwAcABBg==&rs=AOn4CLDSevY-8Phzk2JRwO-NsdwBa1b28Q,HAR PAL GEO,21M views,1 day ago,Thanks for watching Har Pal Geo. Please click here https://bit.ly/3rCBCYN to Subscribe and hit the bell icon to enjoy Top Pakistani Dramas and satisfy all your entertainment needs. Do you know...
Puneet Superstar & Fukra insaan Fight With TV Actors! (BIGG BOSS),https://www.youtube.com/watch?v=R_Qy9xzeKi8,https://i.ytimg.com/vi/R_Qy9xzeKi8/hqdefault.jpg?sqp=-oaymwEcCPYBEIoBSFXyq4qpAw4IARUAAIhCGAFwAcABBg==&rs=AOn4CLCjWIVvUWGxsV9uplzNTMk1DXd3PQ,Thugesh,4.1M views,1 day ago,"This is a follow up video to the bigg boss ott roast video we made few days ago, we talk about puneet superstar returns, fukra insaan fights with pooja bhatt, bebita and other contestants and..."
What is NATO | NATO+ | CENTO |SEATO | WARSAW PACT | BAGHDAD PACT | UPSC New Batch Launched,https://www.youtube.com/watch?v=bgXllc6gaTI,https://i.ytimg.com/vi/bgXllc6gaTI/hqdefault.jpg?sqp=-oaymwEcCPYBEIoBSFXyq4qpAw4IARUAAIhCGAFwAcABBg==&rs=AOn4CLAaPAgQ-SNwrU5szSFVtcQgHERreQ,Khan GS Research Centre,1.6M views,1 day ago,Khan Sir Official App Link Here :- https://play.google.com/store/apps/details?id=xyz.penpencil.khansirofficial&hl=en_IN Website Link :- https://khanglobalstudies.com/ twitter Link :- https://twi...
Tum Kya Mile - Rocky Aur Rani Kii Prem Kahaani | Ranveer | Alia | Pritam | Amitabh | Arijit | Shreya,https://www.youtube.com/watch?v=taRBVfDRukY,https://i.ytimg.com/vi/taRBVfDRukY/hqdefault.jpg?sqp=-oaymwEcCPYBEIoBSFXyq4qpAw4IARUAAIhCGAFwAcABBg==&rs=AOn4CLChiw1rmAlZFs4EryAI9-FqPSa2Rg,Saregama Music,30M views,1 day ago,"This season, we invite you to fall in love with Tum Kya Mile from Rocky Aur Rani Kii Prem Kahaani. Song Credits: Singer: Arijit Singh & Shreya Ghoshal Composer: Pritam Lyrics: Amitabh Bhattacharya..."
‚ù§Ô∏è 21-06-2023 ‚ù§Ô∏è | The Day We Became Parents ü§≤,https://www.youtube.com/watch?v=yQg1Rkdpcoc,https://i.ytimg.com/vi/yQg1Rkdpcoc/hqdefault.jpg?sqp=-oaymwEcCPYBEIoBSFXyq4qpAw4IARUAAIhCGAFwAcABBg==&rs=AOn4CLDuFVJpmUx2vFwq_FsOuOkc7UQ4xg,Shoaib Ibrahim Official,5.6M views,2 days ago,My instagram:- https://instagram.com/shoaib2087?igshid=ji3wjs56r2jc My twitter:- https://twitter.com/shoaib_ibrahim1?s=21 Music: Joy Musician: ASHUTOSH Site: https://soundcloud.com/grandakt/joy
Tere Bin Last Episode Teaser - 28th June 2023 - HAR PAL GEO,https://www.youtube.com/watch?v=jRVe8lB1i1M,https://i.ytimg.com/vi/jRVe8lB1i1M/hqdefault.jpg?sqp=-oaymwE2CPYBEIoBSFXyq4qpAygIARUAAIhCGAFwAcABBvABAfgB_gmAAtAFigIMCAAQARhyIEsoRDAP&rs=AOn4CLCHW-W8SkHjjeBQAhQMUFNkSoRO9A,HAR PAL GEO,14M views,1 day ago,Thanks for watching Har Pal Geo. Please click here https://bit.ly/3rCBCYN to Subscribe and hit the bell icon to enjoy Top Pakistani Dramas and satisfy all your entertainment needs. Do you know...
Horrid Indian Friends | EP - 02,https://www.youtube.com/watch?v=kJFZ5PxD1_w,https://i.ytimg.com/vi/kJFZ5PxD1_w/hqdefault.jpg?sqp=-oaymwEcCPYBEIoBSFXyq4qpAw4IARUAAIhCGAFwAcABBg==&rs=AOn4CLAa8pOd42k-UPlAh1ANr-My-kbKTA,HardToonz,1.3M views,1 day ago,"Download World of Warships now!! : https://wo.ws/3Njs8fj For Console, download here: https://wo.ws/43WtMKK Use Code ""PCBATTLE"" to get American Ship Charleston, Japanese Ship Mikasa, Soviet..."
"Udd Jaa Kaale Kaava - Teaser | Gadar 2 | Sunny Deol, Ameesha Patel | Mithoon,Udit N,Alka Y | Uttam S",https://www.youtube.com/watch?v=8HvuZJBWtbk,https://i.ytimg.com/vi/8HvuZJBWtbk/hqdefault.jpg?sqp=-oaymwEcCPYBEIoBSFXyq4qpAw4IARUAAIhCGAFwAcABBg==&rs=AOn4CLBrUJf1pjBGzCVQN9rf7AfsQ_U5mw,Zee Music Company,2.2M views,1 day ago,üëâüèª SUBSCRIBE to Zee Music Company - https://bit.ly/2yPcBkS Song: Udd Jaa Kaale Kaava Singer: Udit Narayan & Alka Yagnik Song Recreated and Rearranged by: Mithoon Original Composition:...
Purvi ‡§î‡§∞ Pankaj ‡§ï‡•ã ‡§Æ‡§ø‡§≤‡§æ ‡§è‡§ï Undercover Mission | Drama | CID | 28 June 2023 | Full Episode,https://www.youtube.com/watch?v=KSmk70WGIJA,https://i.ytimg.com/vi/KSmk70WGIJA/hqdefault.jpg?sqp=-oaymwEcCPYBEIoBSFXyq4qpAw4IARUAAIhCGAFwAcABBg==&rs=AOn4CLAqi0icsCm8IyVJgDDnOBcTfaZgBQ,LIV Crime,1.1M views,1 day ago,Click here to Subscribe to LIV Crime: https://www.youtube.com/channel/UCzXpAx4v6rFLYXkJZ5nmSvQ?sub_confirmation=1 A man who travels on a steam boat gets very disturbed seeing a girl having...
BHOOT BANGLA - The Trap ( Episode - 2 ) || Rachit Rojha,https://www.youtube.com/watch?v=dFnjCQiZ2gc,https://i.ytimg.com/vi/dFnjCQiZ2gc/hqdefault.jpg?sqp=-oaymwEcCPYBEIoBSFXyq4qpAw4IARUAAIhCGAFwAcABBg==&rs=AOn4CLC8LN1GWN7lj4GdKFUp7DQ6Qce3Og,Rachit Rojha,1.2M views,2 days ago,Horror Comedy Bhoot Bangla Episode -2 --------------------------------------------------------------------------------- Follow me on Instagram: https://www.instagram.com/rachitrojha ---------------...
Sandeep Bhaiya | Official Trailer | Streaming from 30th June on YouTube | TVF,https://www.youtube.com/watch?v=_dsSzmFy8gA,https://i.ytimg.com/vi/_dsSzmFy8gA/hqdefault.jpg?sqp=-oaymwEcCPYBEIoBSFXyq4qpAw4IARUAAIhCGAFwAcABBg==&rs=AOn4CLCodPDLExxxdN1AJEE5PlvFM3L8wg,The Viral Fever,3.3M views,3 days ago,Zindagi mein ek hi mauka chahiye saare failures ko success mein badalne ka aur wahi ek mauke ki kahaani laaye hain Sandeep Bhaiya jinhone sapne ko satya mein badal ke rakh diya! Unacademy...
Ya Ali | Rap Version | RCR | Zubeen Garg,https://www.youtube.com/watch?v=4gaSgePRqYo,https://i.ytimg.com/vi/4gaSgePRqYo/hqdefault.jpg?sqp=-oaymwEcCPYBEIoBSFXyq4qpAw4IARUAAIhCGAFwAcABBg==&rs=AOn4CLBmx0OEHQGoN2yRiiH5FaSn6cCPmA,RCR,656K views,1 day ago,"Kardo Pathar Dil Ko Mere, Fir Bewafai Wala Cement Lagao.... Iss Daur Mein Sab Kuch Hai Paisa, Biktey Hai Dil Sahi Keemat Lagao.... Ya Ali ( Rap Version ) By @Rcrrapstar @zubeengargmusic4594..."
Udaariyaan Promo - ‡§â‡§°‡§º‡§æ‡§∞‡§ø‡§Ø‡§æ‡§Ç - Udaariyaan 27 June Episode Highlight - Colors,https://www.youtube.com/watch?v=6US3AIS1UNU,https://i.ytimg.com/vi/6US3AIS1UNU/hqdefault.jpg?sqp=-oaymwEcCPYBEIoBSFXyq4qpAw4IARUAAIhCGAFwAcABBg==&rs=AOn4CLB870WLrZD5x-pKundvnMBaLDLPOA,Telly MEK,350K views,2 days ago,Udaariyaan Promo - ‡§â‡§°‡§º‡§æ‡§∞‡§ø‡§Ø‡§æ‡§Ç - Udaariyaan 27 June Episode Highlight - Colors #HiteshBhardwaj #Udaariyan #TwinkleArora Telly MEK is your one stop destination for all...
King of Kotha Official Teaser | Dulquer Salmaan | Abhilash Joshiy | Jakes Bejoy,https://www.youtube.com/watch?v=7tHHa20U1UI,https://i.ytimg.com/vi/7tHHa20U1UI/hqdefault.jpg?sqp=-oaymwEcCPYBEIoBSFXyq4qpAw4IARUAAIhCGAFwAcABBg==&rs=AOn4CLBrnmhZwfu--JHV_tHGK0dTqJdW9Q,Sony Music South,9.4M views,1 day ago,"Cast: Dulquer Salmaan, Aishwarya Lekshmi, Dancing Rose Shabeer, Prasanna, Nyla Usha, Chemban Vinod, Gokul Suresh, Shammi Thilakn, Shanthi Krishna, Vada Chennai Saran, and Anikha Surendran ..."
BILLA SONIPAT ALA : Damru Ala Mera Yaar | Deepty | Latest Haryanvi Songs 2023 | Har Har Mahadev,https://www.youtube.com/watch?v=61l5tfSjPq4,https://i.ytimg.com/vi/61l5tfSjPq4/hqdefault.jpg?sqp=-oaymwEcCPYBEIoBSFXyq4qpAw4IARUAAIhCGAFwAcABBg==&rs=AOn4CLDwMPuKdQ_8OX6sXKN6K-hiWs7ErQ,White Hill Dhaakad,2.1M views,2 days ago,"BILLA SONIPAT ALA : Damru Ala Mera Yaar | Deepty | Latest Haryanvi Songs 2023 | New Haryanvi Songs White Hill Dhaakad presents the official video of Billa Sonipat Ala's New Haryanvi Song ""Damru..."
